{"cameraMode":{"drawMode":0,"name":"Shaded","section":"Shading Mode"},"sceneLighting":false,"audioPlay":false,"sceneViewState":{"m_AlwaysRefresh":false,"showFog":true,"showSkybox":false,"showFlares":true,"showImageEffects":true,"showParticleSystems":true,"showVisualEffectGraphs":true,"m_FxEnabled":true},"in2DMode":false,"pivot":{"x":271.80169677734377,"y":221.11660766601563,"z":-10.664703369140625},"rotation":{"x":0.08120567351579666,"y":0.019745759665966035,"z":-0.0016113229794427753,"w":0.9965217113494873},"size":235.0525665283203,"orthographic":false}