{"cameraMode":{"drawMode":0,"name":"Shaded","section":"Shading Mode"},"sceneLighting":false,"audioPlay":false,"sceneViewState":{"m_AlwaysRefresh":false,"showFog":true,"showSkybox":false,"showFlares":true,"showImageEffects":true,"showParticleSystems":true,"showVisualEffectGraphs":true,"m_FxEnabled":true},"in2DMode":false,"pivot":{"x":0.06213498115539551,"y":-0.04271882772445679,"z":-0.045578837394714358},"rotation":{"x":0.10376454144716263,"y":-0.4371418356895447,"z":0.0508468933403492,"w":0.8919616937637329},"size":1.4755898714065552,"orthographic":false}