{"cameraMode":{"drawMode":0,"name":"Shaded","section":"Shading Mode"},"sceneLighting":false,"audioPlay":false,"sceneViewState":{"m_AlwaysRefresh":false,"showFog":true,"showSkybox":false,"showFlares":true,"showImageEffects":true,"showParticleSystems":true,"showVisualEffectGraphs":true,"m_FxEnabled":true},"in2DMode":false,"pivot":{"x":2.384185791015625e-7,"y":0.8556294441223145,"z":-7.450580596923828e-9},"rotation":{"x":0.006380463019013405,"y":-0.9936229586601257,"z":0.08096947520971298,"w":0.07826817780733109},"size":1.1962530612945557,"orthographic":false}