{"cameraMode":{"drawMode":0,"name":"Shaded","section":"Shading Mode"},"sceneLighting":false,"audioPlay":false,"sceneViewState":{"m_AlwaysRefresh":false,"showFog":true,"showSkybox":false,"showFlares":true,"showImageEffects":true,"showParticleSystems":true,"showVisualEffectGraphs":true,"m_FxEnabled":true},"in2DMode":false,"pivot":{"x":2.384185791015625e-7,"y":0.7094883322715759,"z":-0.000039868056774139404},"rotation":{"x":0.006380463019013405,"y":-0.9936229586601257,"z":0.08096947520971298,"w":0.07826817780733109},"size":1.0059278011322022,"orthographic":false}